{
  "genome": [
    0.9425899217441472,
    -1.0,
    0.03070786902296066,
    -0.8940700428731718,
    0.9291576763389909,
    -0.35613056289507544,
    -1.0,
    0.30459811533229264
  ],
  "fitness": 0.598180010986328,
  "steps_taken": 6,
  "time_taken": 0.003997802734375,
  "shape_accuracy": 0.0,
  "strategy": {
    "target_weight": 1.9569424413081102,
    "obstacle_weight": 0.5,
    "efficiency_weight": 1.2730309017672206,
    "exploration_threshold": 0.12118599142536564,
    "diagonal_preference": 1.4752051867186469,
    "patience": 5,
    "cooperation": 0.0,
    "risk_tolerance": 0.6522990576661463
  }
}