{
  "genome": [
    0.29490167754025354,
    -0.7478376753148455,
    -0.2801302822831885,
    -0.9141983157015114,
    0.011026279646323772,
    -0.23619513076852106,
    -0.9008937196328493,
    0.6215860564048699
  ],
  "fitness": 0.5984846792221069,
  "steps_taken": 5,
  "time_taken": 0.0030641555786132812,
  "shape_accuracy": 0.0,
  "strategy": {
    "target_weight": 1.4711762581551902,
    "obstacle_weight": 0.6891217435138659,
    "efficiency_weight": 1.0399022882876086,
    "exploration_threshold": 0.11716033685969772,
    "diagonal_preference": 1.1538591978762134,
    "patience": 5,
    "cooperation": 0.04955314018357537,
    "risk_tolerance": 0.8107930282024349
  }
}