{
  "genome": [
    0.5477921513018105,
    -0.8551017805770603,
    0.7659712229730855,
    0.7124438083843501,
    0.11284943970902972,
    -1.0,
    -0.7683270314812473,
    1.0
  ],
  "fitness": 0.5969799621105194,
  "steps_taken": 10,
  "time_taken": 0.004007577896118164,
  "shape_accuracy": 0.0,
  "strategy": {
    "target_weight": 1.6608441134763579,
    "obstacle_weight": 0.6086736645672047,
    "efficiency_weight": 1.824478417229814,
    "exploration_threshold": 0.44248876167687,
    "diagonal_preference": 1.1894973038981604,
    "patience": 3,
    "cooperation": 0.11583648425937637,
    "risk_tolerance": 1.0
  }
}