{
  "genome": [
    0.2568871267986558,
    -0.36231665738798,
    0.6840526004733936,
    -0.5562929393812298,
    0.5909545594708573,
    -0.7649374564064004,
    -1.0,
    -0.23935887043617293
  ],
  "fitness": 0.39848229503631594,
  "steps_taken": 10,
  "time_taken": 0.0070819854736328125,
  "shape_accuracy": 0.0,
  "strategy": {
    "target_weight": 1.442665345098992,
    "obstacle_weight": 0.978262506959015,
    "efficiency_weight": 1.7630394503550453,
    "exploration_threshold": 0.18874141212375406,
    "diagonal_preference": 1.3568340958148,
    "patience": 3,
    "cooperation": 0.0,
    "risk_tolerance": 0.38032056478191356
  }
}