{
  "genome": [
    0.6529762052465292,
    0.4349749673528107,
    0.9085889469188997,
    -1.0,
    0.2811163671505668,
    -0.8257787608113123,
    -0.5660717949068504,
    0.5876335168979784
  ],
  "fitness": 0.5972774634838104,
  "steps_taken": 9,
  "time_taken": 0.004507303237915039,
  "shape_accuracy": 0.0,
  "strategy": {
    "target_weight": 1.7397321539348969,
    "obstacle_weight": 1.576231225514608,
    "efficiency_weight": 1.9314417101891748,
    "exploration_threshold": 0.1,
    "diagonal_preference": 1.2483907285026983,
    "patience": 3,
    "cooperation": 0.21696410254657478,
    "risk_tolerance": 0.7938167584489892
  }
}