{
  "genome": [
    1.0,
    -0.32297133537713885,
    0.401646434574484,
    0.26268756466825005,
    0.9845335858979504,
    -0.9377989988234281,
    -0.8514921003591764,
    -0.5002590012046646
  ],
  "fitness": 0.5733047585010529,
  "steps_taken": 86,
  "time_taken": 0.1790482997894287,
  "shape_accuracy": 0.0,
  "strategy": {
    "target_weight": 2.0,
    "obstacle_weight": 1.0077714984671458,
    "efficiency_weight": 1.5512348259308628,
    "exploration_threshold": 0.35253751293365,
    "diagonal_preference": 1.4945867550642826,
    "patience": 3,
    "cooperation": 0.07425394982041178,
    "risk_tolerance": 0.2498704993976677
  }
}