{
  "genome": [
    0.7797156356903043,
    0.07893317770595831,
    0.8535857438374291,
    -0.2623528294420002,
    1.0,
    -0.9125461602035677,
    -0.3929882178647439,
    -0.22306625084106396
  ],
  "fitness": 0.595745011138916,
  "steps_taken": 14,
  "time_taken": 0.010997772216796875,
  "shape_accuracy": 0.0,
  "strategy": {
    "target_weight": 1.8347867267677282,
    "obstacle_weight": 1.3091998832794687,
    "efficiency_weight": 1.8901893078780718,
    "exploration_threshold": 0.24752943411159997,
    "diagonal_preference": 1.5,
    "patience": 3,
    "cooperation": 0.30350589106762804,
    "risk_tolerance": 0.38846687457946805
  }
}