{
  "genome": [
    0.07527928790873717,
    -0.20595095851741416,
    0.5771152307812817,
    -0.9116675667821474,
    0.9021835026188418,
    -0.7611503979429091,
    -0.5802349038978771,
    0.5968708166452181
  ],
  "fitness": 0.39772890353202817,
  "steps_taken": 15,
  "time_taken": 0.008438587188720703,
  "shape_accuracy": 0.0,
  "strategy": {
    "target_weight": 1.306459465931553,
    "obstacle_weight": 1.0955367811119394,
    "efficiency_weight": 1.6828364230859614,
    "exploration_threshold": 0.11766648664357052,
    "diagonal_preference": 1.4657642259165946,
    "patience": 3,
    "cooperation": 0.20988254805106143,
    "risk_tolerance": 0.7984354083226091
  }
}